0,1.565861549630313,1.56586154982157,1.565861549439055
0.03144737390980774,1.551058900040889,1.551058903098947,1.551058896982825
0.06289474781961549,1.526403484322548,1.52640349975578,1.526403468889259
0.09434212172942323,1.49195361252557,1.491953660896855,1.491953564153978
0.125789495639231,1.447857957649981,1.447858073719004,1.447857841579823
0.1572368695490387,1.394412941633445,1.394413175096574,1.394412708167123
0.1886842434588465,1.332115949777513,1.332116362213072,1.332115537334629
0.2201316173686542,1.261695047081398,1.261695704802756,1.261694389345752
0.2515789912784619,1.184101045999413,1.184102010688627,1.184100081285835
0.2830263651882697,1.100465607542639,1.100466928295608,1.100464286752506
0.3144737390980774,1.012048930680966,1.012050640705485,1.012047220604677
0.3459211130078852,0.9202060634184457,0.9202081822276931,0.9202039445421201
0.3773684869176929,0.8263876093521245,0.8263901488566396,0.8263850697655071
0.4088158608275007,0.7321700099396895,0.7321729818809594,0.7321670379023337
0.4402632347373084,0.6392953775522117,0.6392988001018606,0.6392919548941232
0.4717106086471162,0.5496942081313417,0.5496981102461638,0.5496903058979328
0.5031579825569239,0.4654615744185564,0.4654659969272142,0.4654571517841106
0.5346053564667317,0.3887501629141421,0.3887551547809577,0.3887451709183454
0.5660527303765394,0.3215184118925443,0.3215240178427855,0.3215128058155931
0.5975001042863471,0.2650143624941138,0.2650205933782489,0.2650081314926467
0.6289474781961548,0.2188319866831124,0.2188387615101957,0.2188252117562836
0.6603948521059626,0.179674793568446,0.1796818689723205,0.1796677180906266
0.6918422260157704,0.1410694246367936,0.1410763994597955,0.1410624497735943
0.7232895999255781,0.09558497965550342,0.09559143024990635,0.09557852906128733
0.7547369738353858,0.03800321515450652,0.03800882757045132,0.03799760278149725
0.7861843477451936,-0.03364289870338309,-0.03363831083514224,-0.03364748648841221
0.8176317216550013,-0.11897268491732,-0.1189692221514039,-0.1189761475650173
0.8490790955648091,-0.2163906750628765,-0.2163883912495204,-0.2163929587292366
0.8805264694746169,-0.3238107730763061,-0.3238096993050844,-0.323811846678085
0.9119738433844246,-0.4390288303214293,-0.4390289865897237,-0.4390286738673702
0.9434212172942323,-0.5598607477660905,-0.5598621429262047,-0.5598593524095526
0.97486859120404,-0.6841038882383841,-0.6841065056891377,-0.6841012705851568
1.006315965113848,-0.8093753596668323,-0.8093791290393411,-0.8093715900885049
1.037763339023656,-0.9329538336593842,-0.9329586019651759,-0.9329490651452774
1.069210712933463,-1.051840600018197,-1.051846131820215,-1.051835068006697
1.100658086843271,-1.163164371990214,-1.16317039623848,-1.163158347536103
1.132105460753079,-1.264711780626887,-1.264718055899669,-1.264705505159955
1.163552834662887,-1.355190185314229,-1.355196537485662,-1.355183832968464
1.195000208572694,-1.434113945744387,-1.434120267530749,-1.434107623809201
1.226447582482502,-1.501516960308385,-1.501523192567288,-1.501510727929063
1.25789495639231,-1.557692192134167,-1.557698304975961,-1.557686079201253
1.289342330302117,-1.603022325047841,-1.603028304907836,-1.603016345125842
1.320789704211925,-1.637885841628631,-1.637891683815759,-1.637879999408022
1.352237078121733,-1.662608151359036,-1.662613856058162,-1.662602446654352
1.383684452031541,-1.677436118232224,-1.677441688305895,-1.677430548180531
1.415131825941349,-1.682524582445718,-1.682530022037328,-1.682519142903554
1.446579199851156,-1.67793041379031,-1.677935727241898,-1.677925100415913
1.478026573760964,-1.663614112040718,-1.663619302998313,-1.663608921188643
1.509473947670772,-1.639452617900141,-1.639457688773056,-1.639447547161849
1.540921321580579,-1.605270894358657,-1.605275846590448,-1.605265942291315
1.572368695490387,-1.560903548208985,-1.560908384058205,-1.560898712554293
1.603816069400195,-1.506297282435981,-1.506302008831151,-1.506292556264582
1.635263443310003,-1.441650656368587,-1.441655290219944,-1.441646022767558
1.66671081721981,-1.367550498108351,-1.36755506994839,-1.367545926540084
1.698158191129618,-1.285022548320348,-1.285027099378638,-1.285017997547847
1.729605565039426,-1.195430306726482,-1.195434877550368,-1.195425736193783
1.761052938949234,-1.10026216274909,-1.100266778380498,-1.100257547406078
1.792500312859041,-1.000942166855063,-1.000946826328484,-1.000937507660649
1.823947686768849,-0.898768926151159,-0.8987735996281523,-0.898764252938931
1.855395060678657,-0.7949823565258978,-0.7949869882258698,-0.7949777250726907
1.886842434588465,-0.690896908853883,-0.690901422811151,-0.6908923951217526
1.918289808498272,-0.5880418982862468,-0.5880462053863663,-0.5880375913852284
1.94973718240808,-0.4882713920884445,-0.4882753982620117,-0.4882673860820391
1.981184556317888,-0.3938214238018833,-0.3938250398879898,-0.3938178078431205
2.012631930227696,-0.3072998009078943,-0.3073029549867627,-0.3072966469063774
2.044079304137503,-0.2315947656778856,-0.2315974197292519,-0.2315921116410903
2.075526678047311,-0.1696662675980694,-0.1696684441705102,-0.1696640909615375
2.106974051957119,-0.1240758673033018,-0.1240777010024312,-0.1240740334424455
2.138421425866927,-0.0958037070423389,-0.09580554170224977,-0.09580187210640036
2.169868799776734,-0.08165772244966096,-0.08166020022571799,-0.08165524429305189
2.201316173686542,-0.07178907191021543,-0.07179292887168837,-0.07178521452736833
2.23276354759635,-0.05327018942088808,-0.05327576061106011,-0.05326461784587707
2.264210921506157,-0.01783061970010734,-0.01783775079227678,-0.01782348829766692
2.295658295415965,0.03647283122622962,0.03646450132084625,0.03648116136003239
2.327105669325773,0.1081636947496347,0.1081545475865158,0.1081728420631625
2.358553043235581,0.1945467542621336,0.1945371328415834,0.1945563757620343
2.390000417145389,0.2926611025891257,0.2926512968865955,0.2926709083071919
2.421447791055196,0.3996879020996141,0.3996781477938188,0.3996976563630421
2.452895164965004,0.5131482297972153,0.5131387150767095,0.5131577444207167
2.484342538874812,0.6309743181858275,0.6309651990311089,0.6309834371886205
2.515789912784619,0.7514580773305267,0.7514495012216723,0.7514666532286089
2.547237286694427,0.8730658864254174,0.8730580217837233,0.87307375079146
2.578684660604235,0.9941281184946352,0.9941211800688401,0.9941350565760949
2.610132034514043,1.112503445692878,1.112497693429266,1.112509197548778
2.64157940842385,1.225493805123694,1.225489493722948,1.225498116071754
2.673026782333658,1.330291345109138,1.330288645689208,1.330294044056677
2.704474156243466,1.424740408434147,1.424739371299883,1.424741445096523
2.735921530153274,1.507760709578676,1.507761294951224,1.507760123744453
2.767368904063082,1.579191013737339,1.579193146490129,1.579188880534716
2.798816277972889,1.639385867916017,1.63938947558354,1.639382259808145
2.830263651882697,1.688884563756198,1.688889592514475,1.688879534563297
2.861711025792505,1.72822577625047,1.728232194151246,1.72821935791673
2.893158399702312,1.757864751482155,1.757872546722484,1.75785695580647
2.92460577361212,1.778143313876505,1.778152491909237,1.77813413540198
2.956053147521928,1.789282977729528,1.789293558632814,1.789272396373849
2.987500521431736,1.791387039548418,1.791399056067543,1.791375022561851
3.018947895341543,1.784445706438288,1.784459202795143,1.784432209594038
3.050395269251351,1.768341866014681,1.768356897534471,1.768326833982008
3.081842643161159,1.742856333472513,1.742872967103692,1.742839699296679
3.113290017070967,1.707671600871398,1.707689916649795,1.707653284509577
3.144737390980775,1.662372998318199,1.662393091592123,1.662352904414814
3.176184764890582,1.606446486319361,1.606468469782773,1.606424502174364
3.20763213880039,1.539274436476375,1.539298439006404,1.539250433211478
3.239079512710198,1.460138069009544,1.460164223345743,1.460111913897665
3.270526886620005,1.368255342589822,1.368283743145102,1.368226941262375
3.301974260529813,1.262929320046738,1.262959914351492,1.262898725080389
3.333421634439621,1.143954069703219,1.143986442591181,1.143921696459368
3.364869008349428,1.012401746162437,1.012434857565035,1.012368634934051
3.396316382259236,0.8714194425327209,0.8714516569967574,0.8713872288269632
3.427763756169044,0.7258751836710342,0.7259048676331735,0.7258455008393286
3.459211130078852,0.5805953692360069,0.5806214993056116,0.5805692404061695
3.49065850398866,0.4390418969469392,0.4390640487569314,0.439019746363304
3.522105877898468,0.3034823510266411,0.3035003451815768,0.3034643580839059
3.553553251808275,0.1757669523539772,0.1757805881780673,0.1757533177718623
3.585000625718083,0.05788513872430993,0.05789409854188225,0.0578761802183832
3.616447999627891,-0.04783765489935042,-0.04783379019302204,-0.04784151821095738
3.647895373537698,-0.1388073629088511,-0.1388090350015359,-0.1388056893653065
3.679342747447506,-0.2124250999765422,-0.212432635452623,-0.2124175630852015
3.710790121357314,-0.2666168155576861,-0.2666301620589654,-0.2666034678967868
3.742237495267121,-0.3009844515653853,-0.3010026240124684,-0.3009662786682186
3.773684869176929,-0.3190558460357189,-0.3190761376733938,-0.3190355552434765
3.805132243086737,-0.3301038672270043,-0.3301221220766188,-0.330085614542714
3.836579616996545,-0.3457548423633055,-0.3457677072720136,-0.3457419802043561
3.868026990906352,-0.3734208524923391,-0.3734271347550346,-0.3734145729102096
3.89947436481616,-0.4148787554909326,-0.4148786964513229,-0.4148788168842549
3.930921738725968,-0.4687867560129582,-0.4687811231282137,-0.4687923908741405
3.962369112635776,-0.5326886951748879,-0.5326783657256493,-0.5326990262434871
3.993816486545584,-0.6038942640362701,-0.603880077237487,-0.6039084521412358
4.025263860455391,-0.6798202980049179,-0.6798030008614108,-0.6798375961952143
4.056711234365199,-0.7581289528606902,-0.758109178914288,-0.7581487276522654
4.088158608275006,-0.8367804003845061,-0.8367586650113633,-0.8368021364581983
4.119605982184814,-0.9140386414684875,-0.9140153490359388,-0.9140619345085712
4.151053356094622,-0.9884480340051972,-0.9884234938220799,-0.9884725747450354
4.18250073000443,-1.058793683833244,-1.058768131447543,-1.058819236754631
4.213948103914237,-1.124057037769624,-1.124030657973462,-1.124083418096091
4.245395477824045,-1.183375499876593,-1.183348448087962,-1.183402552191476
4.276842851733853,-1.236011592364021,-1.235984011772892,-1.236039173465783
4.308290225643661,-1.281333711195197,-1.281305744116728,-1.281361678747185
4.339737599553469,-1.318807493818909,-1.318779287014028,-1.318835701032799
4.371184973463277,-1.347994760522902,-1.347966465596094,-1.34802305576508
4.402632347373084,-1.368556290994542,-1.368528061948471,-1.368584520234677
4.434079721282892,-1.380255347581552,-1.380227337806228,-1.380283357404715
4.4655270951927,-1.38296033345869,-1.382932693769356,-1.382987973026473
4.496974469102508,-1.376646444957981,-1.3766193230879,-1.376673566512704
4.528421843012315,-1.361396963247902,-1.361370504009299,-1.361423421947449
4.559869216922123,-1.337404773188301,-1.337379117856328,-1.337430427717792
4.591316590831931,-1.304974178649347,-1.30494946227246,-1.304998893907288
4.622763964741738,-1.264522729706173,-1.264499075949693,-1.264546381959094
4.654211338651546,-1.216583050791786,-1.216560565224529,-1.21660553438772
4.685658712561354,-1.161805555258843,-1.161784319162408,-1.161826788819691
4.717106086471161,-1.100963935977727,-1.100944003320534,-1.100983865427665
4.748553460380969,-1.034965674913743,-1.034947074920538,-1.034984270912141
4.780000834290777,-0.9648689340029565,-0.9648516809844763,-0.9648861821166598
4.811448208200585,-0.8919049526167748,-0.891889063857799,-0.89192083543366
4.842895582110392,-0.8175017915620423,-0.8174873135639324,-0.8175162624503682
4.8743429560202,-0.7433013555252931,-0.7432883991543726,-0.7433143034885979
4.905790329930008,-0.6711570631959815,-0.6711458497362919,-0.6711682668268449
4.937237703839815,-0.6030926479068165,-0.6030835712141729,-0.6031017132467236
4.968685077749623,-0.5411874837192671,-0.5411811985368343,-0.5411937559752421
5.000132451659431,-0.4873166616642539,-0.4873142093410043,-0.4873190995682361
5.031579825569239,-0.4425993683665757,-0.442602321085307,-0.4425964001231268
5.063027199479047,-0.4063630384691167,-0.40637350533924,-0.4063525559540304
5.094474573388855,-0.37483184777423,-0.3748519523408461,-0.3748117291439618
5.125921947298663,-0.3410512265387839,-0.3410819917341401,-0.3410204506534423
5.15736932120847,-0.2975270791421035,-0.2975678250977609,-0.297486326850752
5.188816695118278,-0.2393645387242446,-0.2394134766899713,-0.2393155988882583
5.220264069028086,-0.1649170656671245,-0.1649721435655386,-0.1648619900704262
5.251711442937893,-0.07471054241463886,-0.074769856334601,-0.07465123458862685
5.283158816847701,0.02964806173323425,0.02958618050136542,0.02970993341339492
5.314606190757509,0.1461239814168037,0.1460610162599768,0.1461869338023818
5.346053564667317,0.2725679750629656,0.2725053495695339,0.2726305847107426
5.377500938577124,0.4067648682429384,0.4067041339041964,0.4068255838071635
5.408948312486932,0.5462228599453073,0.5461658884757989,0.5462798100980109
5.44039568639674,0.6877827495672731,0.6877317483572017,0.6878337278888635
5.471843060306547,0.8274119059872067,0.8273690265609217,0.8274547626012868
5.503290434216355,0.9607157988314839,0.9606824795643272,0.9607490971542909
5.534737808126163,1.084042012260745,1.084018674015491,1.084065332649111
5.56618518203597,1.195205803050206,1.195192139843858,1.195219451988265
5.597632555945778,1.293358436956153,1.293353879535639,1.293362983785015
5.629079929855586,1.378458742919408,1.378462745624176,1.378454733266806
5.660527303765394,1.450831968085461,1.450844108335494,1.450819824515658
5.691974677675201,1.51092501391633,1.510945001110046,1.510905027071305
5.723422051585009,1.559194190275832,1.559221849498101,1.559166535169249
5.754869425494817,1.59605620150636,1.596091457805683,1.596020953242307
5.786316799404625,1.621863970737977,1.621906838900171,1.621821114739455
5.817764173314433,1.636891748134414,1.636942323847808,1.636841188991417
5.849211547224241,1.641326248750686,1.641384692126187,1.641267826726762
5.880658921134048,1.6352673319285,1.635333829582927,1.635200860916735
5.912106295043856,1.618746641998034,1.618821328908328,1.618671987708456
5.943553668953664,1.591776462107619,1.591859284305795,1.591693679378858
5.975001042863472,1.554439884276015,1.554530402924139,1.554349412886201
6.006448416773279,1.507017016980408,1.507114212773228,1.506919876899258
6.037895790683087,1.450102204563668,1.450204422336033,1.450000050793393
6.069343164592895,1.384628121206546,1.384733291836614,1.384523021481471
6.100790538502702,1.311741071163109,1.311847163398061,1.311635054347627
6.13223791241251,1.232583878346016,1.232689323485727,1.232478510528629
6.163685286322318,1.148120211543982,1.148224081033295,1.148016419181361
6.195132660232126,1.059084033253098,1.059185967356944,1.058982174788328
6.226580034141933,0.9660406439664684,0.9661406581218509,0.965940703394235
6.258027408051741,0.8695055947409812,0.8696038699627257,0.8694073909724502
6.289474781961549,0.7700814095869475,0.7701781101947404,0.7699847784939232
6.320922155871356,0.6685940254140759,0.66868914929757,0.6684989693803558
6.352369529781164,0.5662200875814609,0.5663133450846034,0.5661268964766385
6.383816903690972,0.4645941599259954,0.4646848824473632,0.4645035023922603
6.415264277600779,0.3658792257924594,0.3659663123189493,0.3657922026213503
6.446711651510587,0.2727824999867604,0.2728644111133798,0.2727006500371417
6.478159025420395,0.1885079034890852,0.188582703190276,0.1884331618897329
6.509606399330203,0.1166574375682255,0.1167228630150971,0.1165920659139827
6.54105377324001,0.06111252527063887,0.06116604374990495,0.06105905474123533
6.572501147149818,0.02588910290774775,0.02592792816157651,0.02585031794187775
6.603948521059626,0.01466255856280791,0.01468380167764436,0.01464134584619801
6.635395894969434,0.02845107324442535,0.02845313454907246,0.02844902940875603
6.666843268879242,0.05860253470601684,0.05858939084662064,0.05861568035034363
6.69829064278905,0.08376959911651066,0.08375062494666208,0.08378856231873785
6.729738016698857,0.08656301302477824,0.08654460498849877,0.08658140353310076
6.761185390608665,0.06310208040090323,0.06308612828574567,0.06311801202222828
6.792632764518473,0.01591119800650086,0.01589780349695859,0.01592457056583441
6.824080138428281,-0.05110023221603266,-0.05111149663088744,-0.05108899053934494
6.855527512338088,-0.1339149219789253,-0.1339246750925434,-0.1339051920905494
6.886974886247896,-0.2286936286326588,-0.2287025981778536,-0.2286846827290314
6.918422260157704,-0.3319338900392549,-0.3319428833667072,-0.3319249208898741
6.949869634067511,-0.440619087126036,-0.4406289679609987,-0.4406092312941096
6.981317007977319,-0.552324986514875,-0.5523366510606373,-0.5523133482224292
7.012764381887127,-0.6652513158025335,-0.6652656676553427,-0.6652369919671277
7.044211755796935,-0.7781717909703356,-0.7781897090833341,-0.7781539031670291
7.075659129706742,-0.8903102899641031,-0.8903325729242779,-0.890288040028014
7.10710650361655,-1.001145194420348,-1.001172449284695,-1.001117975407308
7.138553877526358,-1.110127438234721,-1.110159873557874,-1.110095041083349
7.170001251436165,-1.216307892391605,-1.216345019600305,-1.216270804237696
7.201448625345973,-1.317988305920348,-1.31802873338774,-1.317947916118214
7.232895999255781,-1.412741581892091,-1.41278328558371,-1.412699912251025
7.264343373165588,-1.498075619059856,-1.498116739999552,-1.498034527405677
7.295790747075396,-1.572292430655445,-1.572331927770134,-1.572252958080715
7.327238120985204,-1.634765988460387,-1.634803661124373,-1.634728336189812
7.358685494895012,-1.685611555072569,-1.685647715029713,-1.685575412072317
7.39013286880482,-1.725240064413114,-1.725275242662228,-1.725204900335669
7.421580242714628,-1.754072123229324,-1.754106914683552,-1.754037343734315
7.453027616624436,-1.772411665009447,-1.772446669260163,-1.772376671022683
7.484474990534243,-1.780409959474361,-1.780445766781404,-1.780374161224372
7.515922364444051,-1.778070343258982,-1.778107536344429,-1.778033158503461
7.547369738353859,-1.765269121944036,-1.765308280182337,-1.765229971791322
7.578817112263666,-1.741781948948661,-1.741823649803463,-1.741740256423796
7.610264486173474,-1.707310508956172,-1.707355325471697,-1.707265701503868
7.641711860083282,-1.661505432410834,-1.661553927737141,-1.66145694735641
7.67315923399309,-1.603980279862356,-1.60403300140433,-1.603927570241827
7.704606607902897,-1.534309394418016,-1.534366871637867,-1.53425193114983
7.736053981812705,-1.452000529575989,-1.45206328049077,-1.451937794937745
7.767501355722513,-1.356433494203461,-1.356502044943234,-1.356364962257783
7.79894872963232,-1.246764757495459,-1.246839672785787,-1.24668986362298
7.830396103542128,-1.121836321875204,-1.12191821796653,-1.121754449945384
7.861843477451936,-0.9802660044883554,-0.980355427402792,-0.9801766089248494
7.893290851361743,-0.821291796797333,-0.8213886433611777,-0.8211949822259172
7.924738225271551,-0.6473141387843477,-0.6474164121043726,-0.647211904934512
7.956185599181359,-0.4664871930182274,-0.4665908388136988,-0.4663835962950688
7.987632973091167,-0.2891562412902187,-0.2892577076871048,-0.2890548328575729
8.019080347000974,-0.121439606260451,-0.1215372546157854,-0.121342022889026
8.050527720910782,0.03478973982127365,0.03469661017876732,0.03488279884203344
8.08197509482059,0.1788834836255321,0.1787955398073287,0.178971351920509
8.113422468730398,0.3098098464344664,0.3097279991623433,0.3098916135992799
8.144869842640206,0.4258079132265839,0.4257332884077073,0.4258824534457121
8.176317216550013,0.5245410291367762,0.5244748357706002,0.5246071333959136
8.207764590459821,0.6033927138352178,0.6033360944611679,0.6034492395481409
8.239211964369629,0.6597800872089078,0.6597339651399442,0.6598261111021611
8.270659338279437,0.6915826275192822,0.6915474316346738,0.6916177212567042
8.302106712189245,0.6982979997511054,0.698272862501838,0.6983230331900172
8.333554086099053,0.6841458875416661,0.6841270756055365,0.6841645998012259
8.365001460008861,0.6611469958625701,0.6611283125569206,0.6611655906495432
8.396448833918667,0.643531002082259,0.6435082584520682,0.6435536716940943
8.427896207828475,0.6384736062784142,0.6384463381793115,0.6385008151451408
8.459343581738283,0.6464047639881069,0.64637426220664,0.646435220807962
8.490790955648091,0.665189344292049,0.6651572495082435,0.665221407781976
8.522238329557899,0.6922098658883555,0.692177727770554,0.6922419857767214
8.553685703467707,0.7249664382728203,0.7249356185071555,0.7249972522428699
8.585133077377513,0.7612054438807324,0.7611771055419729,0.7612337881743598
8.616580451287321,0.7989339449968931,0.7989090610504404,0.7989588459065948
8.648027825197129,0.8364111244484755,0.8363904915048074,0.8364317845723965
8.679475199106937,0.8721348736020447,0.8721191287743967,0.8721506550043259
8.710922573016745,0.9048251956920089,0.9048148360151848,0.9048356005048576
8.742369946926553,0.9334039974032889,0.9333994010588873,0.9334086466220606
8.773817320836361,0.9569715491030778,0.9569729975575314,0.9569701604666396
8.805264694746167,0.9747805555243485,0.97478825583581,0.9747729212248764
8.836712068655975,0.9862089550160769,0.986223061842693,0.9861949197068141
8.868159442565783,0.9907324287386237,0.9907530658081025,0.9907118680810956
8.899606816475591,0.9878974010387018,0.9879246819066075,0.9878702009632715
8.931054190385399,0.9772952352667555,0.9773292830422244,0.9772612722687909
8.962501564295208,0.9585384900728743,0.9585794553899605,0.9584976132666907
8.993948938205016,0.9312405689530829,0.931288644775316,0.9311925852955574
9.025396312114822,0.8950009102227181,0.8950563410543472,0.894945575331184
9.05684368602463,0.8493990087960974,0.8494620905730654,0.8493360270833972
9.088291059934438,0.7940018641434134,0.794072929746808,0.7939309033202188
9.119738433844246,0.7283904112010393,0.7284697958737836,0.7283111368540377
9.151185807754054,0.6522101111888911,0.6522980934418027,0.6521222458359823
9.182633181663862,0.5652477372710081,0.5653444557628166,0.5651511433994311
9.21408055557367,0.4675294206729982,0.4676347768011011,0.467424198027984
9.245527929483476,0.3594251509363606,0.3595387183938196,0.3593117268366154
9.276975303393284,0.2417365410459758,0.2418575114562479,0.2416157246815406
9.308422677303092,0.115744515268101,0.1158717061810467,0.1156174897901691
9.3398700512129,-0.01679428998138777,-0.01666235385715137,-0.01692604836320907
9.371317425122708,-0.1536932515993354,-0.1535581941881652,-0.1538281171995167
9.402764799032516,-0.2923973732530661,-0.292260786150062,-0.292533750964775
9.434212172942322,-0.4300324061158649,-0.4298956621556882,-0.4301689167594649
9.46565954685213,-0.5634306569999347,-0.563294747036444,-0.5635662995234824
9.497106920761938,-0.6891557143044498,-0.6890211324932003,-0.689289979946386
9.528554294671746,-0.8035819425825288,-0.803448642941604,-0.8037148587190559
9.560001668581554,-0.9030901249652955,-0.902957562481422,-0.9032222156763802
9.591449042491362,-0.9843875015695271,-0.9842547448903753,-0.9845196775464838
9.62289641640117,-1.044857991407074,-1.044723857455016,-1.044991417750351
9.654343790310977,-1.082774015627988,-1.082637155562975,-1.082910026754448
9.685791164220785,-1.097235323846734,-1.097094201539699,-1.097375443575319
9.717238538130593,-1.087816140984267,-1.087668868333403,-1.087962243453468
9.748685912040401,-1.053980628044926,-1.053824612796739,-1.054135283791386
9.780133285950209,-0.994283224296753,-0.9941145134295234,-0.9944503473112565
9.811580659860017,-0.9052252113642557,-0.9050373140710726,-0.9054112206310193
9.843028033769825,-0.7797949695033187,-0.7795777907804159,-0.7800098445822474
9.874475407679631,-0.6106602572396665,-0.6104115424176544,-0.610906262913167
9.905922781589439,-0.4207786535587572,-0.4205418421753036,-0.421012918698627
9.937370155499247,-0.2568935380172698,-0.256699816383031,-0.2570852030761204
9.968817529409055,-0.1264269715534534,-0.1262714190402303,-0.1265808712576687
10.00026490331886,-0.01952863236370028,-0.01940538700054384,-0.01965054627691226
10.03171227722867,0.07114646111482562,0.07123985145916292,0.07105412283742521
10.06315965113848,0.1501550322601403,0.1502186669177837,0.1500921861441711
10.09460702504829,0.2204292934048622,0.2204617263674556,0.2203973850423473
10.12605439895809,0.2839528332192574,0.2839515294921594,0.2839543862888816
10.1575017728679,0.3420910286096245,0.3420526817039217,0.3421293307648506
10.18894914677771,0.3957323470428523,0.3956532082913728,0.3958111235864042
10.22039652068752,0.4453330908520526,0.445209407040896,0.445456070718789
10.25184389459733,0.4909384764559281,0.4907670678975026,0.4911088188225233
10.28329126850713,0.5322478550668501,0.5320267696980813,0.532467500585694
10.31473864241694,0.5687610944437613,0.5684901751630548,0.5690302025171882
10.34618601632675,0.5999774764244262,0.5996586590921642,0.6002941294914496
10.37763339023656,0.6255674416633564,0.6252047082358444,0.6259276914344064
10.40908076414636,0.6454543458992072,0.6450534214597512,0.6458525136796323
10.44052813805617,0.6598065577344442,0.6593745306867727,0.660235611159162
10.47197551196598,0.6689840219785926,0.6685290358688299,0.6694358808467505
10.50342288587579,0.6734826463875053,0.6730137226502059,0.6739483586408354
10.53487025978559,0.6738974455146604,0.6734244249451343,0.6743672453589712
10.5663176336954,0.6709067147856267,0.6704402767651246,0.6713700035876237
10.59776500760521,0.6652716407708362,0.6648233612491714,0.6657169294745398
10.62921238151502,0.6578450681948466,0.6574274929995153,0.6582599046129219
10.66065975542483,0.6495852203463478,0.6492119504743687,0.6499561047968028
10.69210712933463,0.6415728063226942,0.6412586148555328,0.6418850763279136
10.72355450324444,0.635032636677016,0.6347936650384778,0.6352702736503951
10.75500187715425,0.63136382926892,0.6312179471808823,0.6315091038567986
10.78644925106406,0.632186226688333,0.6321536864591443,0.6322190535814004
10.81789662497386,0.6394142093199113,0.6395187620852348,0.6393110452911658
10.84934399888367,0.6553671050891469,0.6556376402435948,0.6550993264357975
10.88079137279348,0.682886196344859,0.6833579725629422,0.6824188585403659
10.91223874670329,0.7251915344096025,0.7259005117933086,0.7244888410603081
10.94368612061309,0.7841414919687583,0.7850833431836814,0.7832068334728047
10.9751334945229,0.8536356950572326,0.85465880565496,0.8526176738060847
11.00658086843271,0.9145136606343964,0.9153622522243499,0.9136667185208801
11.03802824234252,0.9495627573944909,0.9501118218015302,0.9490130942869672
11.06947561625233,0.9544255494065578,0.9546718950567026,0.9541770634617255
11.10092299016213,0.930685828490262,0.9306552503167522,0.9307129591232314
11.13237036407194,0.8808881949633399,0.8806085359772734,0.8811632459944465
11.16381773798175,0.8076473887946063,0.8071466122952897,0.8081425578410523
11.19526511189156,0.7137101719148666,0.7130174862825041,0.7143964316281034
11.22671248580136,0.6019652870677703,0.6011105180023141,0.602812989156928
11.25815985971117,0.4752321579573064,0.4742429952473041,0.4762137535488828
11.28960723362098,0.3358742653538426,0.3347721916858422,0.3369683449105589
11.32105460753079,0.1853408952145145,0.1841368141264632,0.1865365363549346
11.35250198144059,0.02374480369987811,0.02243533584609678,0.02504526379245103
11.3839493553504,-0.1503380554506097,-0.1517709363802142,-0.1489149277727143
11.41539672926021,-0.3390146212361437,-0.3405870393764086,-0.3374525996304584
11.44684410317002,-0.540310940500172,-0.5419704409067172,-0.5386613070834654
11.47829147707983,-0.7405939893889467,-0.7421869323724323,-0.7390092517633555
11.50973885098963,-0.9234288651394686,-0.9248548774902037,-0.9220098695050057
11.54118622489944,-1.084324309950527,-1.085584467883961,-1.08307051004426
11.57263359880925,-1.226011919602259,-1.22713403821093,-1.224895672570295
11.60408097271906,-1.351753856832455,-1.352761633083983,-1.350751524808789
11.63552834662887,-1.463826274477679,-1.464735948490727,-1.462921651310192
11.66697572053867,-1.56363550858583,-1.564457793111916,-1.562817911484061
11.69842309444848,-1.652023650838218,-1.652765771783081,-1.651285884917302
11.72987046835829,-1.729507043505138,-1.730174180661161,-1.728843961854518
11.7613178422681,-1.796433467588639,-1.797029659523067,-1.795841065613778
11.7927652161779,-1.853076781102976,-1.853605439822321,-1.852551680391861
11.82421259008771,-1.899687120305027,-1.900151279676778,-1.899226318517655
11.85565996399752,-1.936510960223877,-1.936913354399108,-1.936111751091557
11.88710733790733,-1.9637921303796,-1.96413517516691,-1.963452121081784
11.91855471181714,-1.981762208082335,-1.982047938595334,-1.981479380803484
11.95000208572694,-1.990626350193727,-1.990856351589202,-1.990399131101587
11.98144945963675,-1.990548558386956,-1.990723913184243,-1.990375870563502
12.01289683354656,-1.981638640247254,-1.981759905477188,-1.981519927333175
12.04434420745637,-1.963941719301003,-1.964008939039258,-1.963876934311008
12.07579158136617,-1.937429982870873,-1.937442735661503,-1.937419542695445
12.10723895527598,-1.901995308669286,-1.901952783850472,-1.902040020281018
12.13868632918579,-1.85744032615185,-1.85734141701425,-1.857541296618743
12.1701337030956,-1.803464193484637,-1.803307587317985,-1.803622743758167
12.2015810770054,-1.7396377919068,-1.739422025794701,-1.739855405508278
12.23302845091521,-1.665361233357253,-1.665084667507038,-1.665639588016044
12.26447582482502,-1.579795463491647,-1.579456096117641,-1.580136621038812
12.29592319873483,-1.481763797767063,-1.481358800313684,-1.482170670961527
12.32737057264464,-1.369647313483294,-1.369172112964423,-1.370124574045846
12.35881794655444,-1.241421598482589,-1.240868446651734,-1.241977057959224
12.39026532046425,-1.095399030100553,-1.094756266439377,-1.096044220655234
12.42171269437406,-0.9328569607506455,-0.9321145622726833,-0.933601336115073
12.45316006828387,-0.7613167164615182,-0.7604807928000121,-0.7621533224339839
12.48460744219367,-0.591124314166005,-0.5902174143703502,-0.5920301908326635
12.51605481610348,-0.4280473450150966,-0.4270912349458851,-0.4290008466720439
12.54750219001329,-0.2731229898523723,-0.2721318332827699,-0.2741102035394226
12.5789495639231,-0.1260886654452238,-0.1250716553382404,-0.1271005693435771
12.6103969378329,0.01279084358333632,0.01382640403556679,0.0117614979719656
12.64184431174271,0.1422334371837696,0.1432803672020938,0.1411938772968036
12.67329168565252,0.2599699964110728,0.2610205225937313,0.2589281184284902
12.70473905956233,0.3629815798135112,0.3640273710978158,0.3619458889804413
12.73618643347214,0.4478132820393426,0.4488459506018224,0.4467923726266112
12.76763380738194,0.5108586040003088,0.5118702841907444,0.50986056923229
12.79908118129175,0.5485612583720084,0.5495446783148245,0.5475936028532054
12.83052855520156,0.5577981367022979,0.5587451031067384,0.5568691897176674
12.86197592911137,0.5379272651600653,0.5388237286028015,0.5370506345534709
12.89342330302117,0.4974665786105884,0.4982881692955407,0.4966646721350152
12.92487067693098,0.4571864642604196,0.4579120821886495,0.456477777021888
12.95631805084079,0.4338262955340639,0.4344497636631952,0.4332159108062743
12.9877654247506,0.4308215425920232,0.4313420877296444,0.4303102760797712
13.01921279866041,0.445593107819257,0.446009652798306,0.4451823315312147
13.05066017257021,0.4745780493628598,0.4748894422226539,0.4742692197417024
13.08210754648002,0.5144126728895089,0.5146186755704713,0.5142063214740565
13.11355492038983,0.5620630726646516,0.562164927541307,0.5619582509933191
13.14500229429964,0.6148000965633937,0.6148006447964752,0.6147942638231038
13.17644966820944,0.6701833326017903,0.6700868194906403,0.6702725482634858
13.20789704211925,0.7260617109340278,0.7258734200230142,0.7262409940427818
13.23934441602906,0.7805760369020088,0.7803018725821002,0.7808397756999065
13.27079178993887,0.8321531695610617,0.8317992725972969,0.8324954992397424
13.30223916384868,0.8794887743872978,0.8790612148898881,0.8799038794446238
13.33368653775848,0.9215204412405353,0.92102499810691,0.9220027734734444
13.36513391166829,0.9573949837365224,0.9568369942948016,0.9579394116469915
13.3965812855781,0.9864337460181711,0.9858179959080383,0.9870356648812362
13.42802865948791,1.008098752664522,1.007429372180413,1.008754188321959
13.45947603339771,1.021961331136337,1.021241667296898,1.022667067666475
13.49092340730752,1.02767387011639,1.026906310629572,1.028427624795529
13.52237078121733,1.024944838987211,1.024130572837276,1.025745499572852
13.55381815512714,1.013517105940273,1.012655814352225,1.014365036439446
13.58526552903695,0.9931499024875495,0.9922393834127086,0.994047314355908
13.61671290294675,0.9636054192958937,0.9626411591065982,0.9645567946832029
13.64816027685656,0.9246419085345614,0.9236166275203772,0.9256544495785821
13.67960765076637,0.8760162086848908,0.87491942260863,0.8771002715440914
13.71105502467618,0.8174995982478892,0.8163172539531939,0.8186690551097648
13.74250239858598,0.7489114319583944,0.7476256818232945,0.7501838972938116
13.77394977249579,0.6701744815881494,0.668763641975393,0.6715713572977802
13.8053971464056,0.5813935531346925,0.5798322236216765,0.582939912438548
13.83684452031541,0.4829544178003783,0.4812136103766976,0.4846788699303696
13.86829189422522,0.3756341182912967,0.3736810902993023,0.3775689449526362
13.89973926813502,0.2607084707683192,0.2585058712985179,0.2628904050046212
13.93118664204483,0.1400405575620507,0.137544635761406,0.1425124396149615
13.96263401595464,0.01613531218349595,0.01329341738409706,0.01894839075448951
13.99408138986445,-0.1078540806020387,-0.1111057010617471,-0.1046381768690372
14.02552876377425,-0.2281873041449584,-0.2319236876300391,-0.2244965670934813
14.05697613768406,-0.3406926672529036,-0.3449966229367202,-0.3364482312353421
14.08842351159387,-0.4410373207002435,-0.445992088206031,-0.4361605192401339
14.11987088550368,-0.5250872606968845,-0.5307681289170241,-0.5195074270281265
14.15131825941348,-0.5892566877778358,-0.5957269485299211,-0.5829145223717195
14.18276563332329,-0.6306912961453612,-0.6380080222433419,-0.6235326295775226
14.2142130072331,-0.6471474296885897,-0.655380523673629,-0.6391041516001126
14.24566038114291,-0.6364934682862988,-0.6457607993075302,-0.6274487886755256
14.27710775505272,-0.5957750169976583,-0.6063004009271199,-0.5855063207910683
14.30855512896252,-0.5197570650884917,-0.5319519876669565,-0.507858071543141
14.34000250287233,-0.4001602770319881,-0.4145044942740317,-0.3861965590900548
14.37144987678214,-0.240375764331704,-0.2554644220079278,-0.225901634890275
14.40289725069195,-0.0879088199149356,-0.1004341573815095,-0.0760401606185723
14.43434462460175,0.02367983607330089,0.01426767208144249,0.03255942659247452
14.46579199851156,0.09949549236331287,0.092742691423537,0.1058187881953401
14.49723937242137,0.1477022573267155,0.1433566984234652,0.15169984711157
14.52868674633118,0.1732116416024973,0.1711935770189441,0.1749548971795495
14.56013412024098,0.178903249975635,0.1792147509278905,0.1783905951562122
14.59158149415079,0.166694869008653,0.169358028892728,0.1639103303173447
14.6230288680606,0.1381828442736335,0.1431977054032141,0.1331357391866655
14.65447624197041,0.09501895335173577,0.1023368065132075,0.08776833502400906
14.68592361588022,0.03910383443974679,0.04861708464113884,0.02976646562316194
14.71737098979002,-0.02736884247894359,-0.01581907582836344,-0.03862767391624362
14.74881836369983,-0.1019780708224141,-0.08857928702104502,-0.1149677416220426
14.78026573760964,-0.1821877434077845,-0.1671249120527801,-0.196722956354092
14.81171311151945,-0.2654331351493925,-0.2488566241717526,-0.2813652307151228
14.84316048542926,-0.3491321519314524,-0.3311307436337283,-0.3663761437817132
14.87460785933906,-0.4306203421052771,-0.4112043996684784,-0.4491735092105337
14.90605523324887,-0.5070647722454237,-0.4861658959690061,-0.5270105534496934
14.93750260715868,-0.5754520027744952,-0.5529456094258036,-0.5969413192725895
14.96894998106849,-0.6327344670612256,-0.6084841680330439,-0.6559425988165563
15.00039735497829,-0.6761296888571353,-0.6500371896378655,-0.701202457145442
15.0318447288881,-0.7034383910490828,-0.6754731300076708,-0.7304544176194914
15.06329210279791,-0.7131957729046891,-0.6833875108554301,-0.7421660372115073
15.09473947670772,-0.7045551086781608,-0.6729524963619095,-0.7354606784490797
15.12618685061753,-0.67693372101389,-0.6435423383635983,-0.7097885686500579
15.15763422452733,-0.6294960589330708,-0.5942018872513427,-0.6644268014659491
15.18908159843714,-0.5604682522890285,-0.5229316407464254,-0.5978232406958781
15.22052897234695,-0.466100727982895,-0.4255774320896096,-0.5066316731510754
15.25197634625676,-0.3389585272625439,-0.2940448631550678,-0.3841063286618749
15.28342372016656,-0.1676912354756021,-0.1173063113740336,-0.2190292670137828
15.31487109407637,0.0366399448615054,0.08582452578617863,-0.01517014447422141
15.34631846798618,0.2165196553519306,0.2577199139015118,0.1727007196405375
15.37776584189599,0.3516839464099646,0.3857234746386568,0.315577363946461
15.40921321580579,0.4532921558378908,0.4812456972050093,0.4235870350320936
15.4406605897156,0.5297445018153961,0.5519347876695051,0.5059512023580747
15.47210796362541,0.5854598925835008,0.6017367429089622,0.5676379491070952
15.50355533753522,0.6226512701547257,0.632596025637193,0.6111796605547081
15.53500271144503,0.6424162046277769,0.6454810873336415,0.6378439824169501
15.56645008535483,0.6454189663565592,0.6410476503776547,0.6483402975317222
15.59789745926464,0.6323974701781925,0.6201370156784223,0.6433306659476612
15.62934483317445,0.6045480913969766,0.5841338296970811,0.6238304330028693
15.66079220708426,0.5637317101637945,0.5351178161026666,0.5914593668956356
15.69223958099406,0.5124344936417448,0.4757642926704659,0.5484654583606322
15.72368695490387,0.4535152575353246,0.4090621245639647,0.4975170082898678
15.75513432881368,0.3898888223437925,0.338013955962021,0.4413862379007237
15.78658170272349,0.3243050192626667,0.2654577378671482,0.3826951777571216
15.81802907663329,0.2592793421047694,0.1940330335805941,0.3238125476716184
15.8494764505431,0.1971250333571478,0.1262236093339708,0.266874109386118
15.88092382445291,0.140005836797429,0.06439458886869598,0.2138483352190136
15.91237119836272,0.08995969533916398,0.01078320358137436,0.1665880756317527
15.94381857227252,0.048889545107949,-0.03254719861083055,0.1268508577597053
15.97526594618233,0.01854900792997059,-0.0637472723883311,0.09630272612364071
16.00671332009214,0.0005616992471399601,-0.08116612313816896,0.07653532251197062
16.03816069400195,-0.003489868385282442,-0.08324039653292051,0.06912848940981657
16.06960806791176,0.008128226954562712,-0.06825546969601881,0.0757913505277943
16.10105544182156,0.03764774153833678,-0.0339265963539569,0.0986262300339231
16.13250281573137,0.08839734424152933,0.02331456196770464,0.1405941769573907
16.16395018964118,0.1657694953499593,0.1094476012937224,0.20629293362691
16.19539756355099,0.2776359867422686,0.2329168601964212,0.3026976548028905
16.2268449374608,0.4234984563302183,0.3886279807667022,0.4341494645393631
16.2582923113706,0.5641994254205032,0.5301432034812716,0.5749441655403491
16.28973968528041,0.6631185168592297,0.6269996995208581,0.6818182768548509
16.32118705919022,0.7206862694308277,0.6836313845623045,0.7460829315021434
16.35263443310003,0.7437871775205732,0.7069560600056609,0.7741063276429065
16.38408180700984,0.7368062870558306,0.7010427984717464,0.7708507792124998
16.41552918091964,0.702560378977019,0.6684637012096799,0.739498492003386
16.44697655482945,0.6435327182983512,0.6115082540275198,0.6826881593089433
16.47842392873926,0.5626300762199039,0.5329084415029519,0.6033605894281986
16.50987130264906,0.4634972891118654,0.4361416267401082,0.5051451442471852
16.54131867655887,0.3504518979670602,0.3253705836233255,0.3923425761695686
16.57276605046868,0.2281517299513126,0.205131721665589,0.2696086152083043
16.60421342437849,0.1011537006283563,0.07992782894614056,0.1414951700291513
16.6356607982883,-0.02649222546267158,-0.04613957644873942,0.01200774132261062
16.66710817219811,-0.1515270407135872,-0.1696282091968351,-0.1157107850610601
16.69855554610791,-0.2716143522070483,-0.2878885421321583,-0.2395235445371828
16.73000292001772,-0.3853288040389298,-0.3990841087086737,-0.3582799723887434
16.76145029392752,-0.4920372944780718,-0.5021202622868193,-0.4716826308733609
16.79289766783733,-0.5917241706066292,-0.5965115079345553,-0.5801072463863615
16.82434504174714,-0.6848105405955396,-0.6822228860566785,-0.6844347083534943
16.85579241565695,-0.7720025968093052,-0.7595176776550353,-0.7859293888381093
16.88723978956676,-0.8541837370036693,-0.8288325346520247,-0.8861662296124198
16.91868716347656,-0.9323485068609383,-0.8906879742954349,-0.9869593406477113
16.95013453738637,-1.007564137100638,-0.9456323268781115,-1.090117899632734
16.98158191129618,-1.080931143564175,-0.9942123171567196,-1.196529908262685
17.01302928520599,-1.1534832950157,-1.036962340027324,-1.303882890789997
17.04447665911579,-1.225898780483893,-1.074405215531376,-1.404878838903991
17.0759240330256,-1.297820297684747,-1.10705818889327,-1.49120119556851
17.10737140693541,-1.366837663016396,-1.135438120380625,-1.558997097841224
17.13881878084522,-1.428301164315718,-1.16005837122856,-1.608194787883927
17.17026615475503,-1.47727926767202,-1.181405975968855,-1.639767742027334
17.20171352866483,-1.510764267105327,-1.199880712500137,-1.654521572136884
17.23316090257464,-1.527733821380624,-1.215669869141346,-1.652887362631944
17.26460827648445,-1.528109617444489,-1.22853692624966,-1.635021715788305
17.29605565039426,-1.512047798588228,-1.237553673780955,-1.60096895819854
17.32750302430406,-1.479699553420883,-1.240931447560289,-1.550820077875914
17.35895039821387,-1.431196773783457,-1.236196290926645,-1.484844008812665
17.39039777212368,-1.366699962678851,-1.220742672053126,-1.403568777033334
17.42184514603349,-1.28643023942089,-1.192407694357925,-1.307786671177084
17.4532925199433,-1.190643766253336,-1.1497138354979,-1.198460463622828
17.4847398938531,-1.079523103571604,-1.091804267173659,-1.07651873909062
17.51618726776291,-0.952975959577547,-1.018277854113019,-0.9425416085989335
17.54763464167272,-0.810368928289609,-0.9290512887473282,-0.7963416062114311
17.57908201558253,-0.6503606857401876,-0.8242835557575524,-0.6364346008386246
17.61052938949233,-0.4715350236684065,-0.7043915695790477,-0.4594561492016697
17.64197676340214,-0.275773138156905,-0.5702415909188302,-0.2603707675675211
17.67342413731195,-0.07371724281944242,-0.423643204767272,-0.0385578432094246
17.70487151122176,0.1198663845141968,-0.2680789465769899,0.1873321881779618
17.73631888513157,0.2976828902654398,-0.1089527240229988,0.3936762896400319
17.76776625904137,0.4591814440851193,0.0475482106069649,0.5767304923460155
17.79921363295118,0.6051560396194964,0.1962472159239906,0.741391775546239
17.83066100686099,0.7356963234283633,0.3336944471259028,0.8916202424544258
17.8621083807708,0.8500217470205353,0.4577169757367266,1.029375013380597
17.89355575468061,0.9467884315298967,0.5668053844765766,1.15513834676762
17.92500312859041,1.024426995938203,0.6598286076552913,1.268476654470692
17.95645050250022,1.081380888942652,0.7360633011888278,1.368493624348432
17.98789787641003,1.116228047396942,0.7954485680004769,1.45417876935286
18.01934525031984,1.127805401988192,0.839027498999218,1.524647418430413
18.05079262422964,1.115775334689428,0.8694397542849801,1.579267222430434
18.08223999813945,1.082571969083362,0.8909456826478469,1.617678570593306
18.11368737204926,1.036275816596128,0.9083685570474159,1.639729508814039
18.14513474595907,0.9884797261492146,0.9254619618354809,1.645351464475423
18.17658211986888,0.9467506400352661,0.9440905035776027,1.634400182105193
18.20802949377868,0.9126973605781565,0.9645326634406804,1.606486331723544
18.23947686768849,0.8850972180937036,0.98615556162675,1.560851996773067
18.2709242415983,0.862088253890482,1.007934246857297,1.496501966526569
18.30237161550811,0.841890608555422,1.028742845879562,1.413233681581323
18.33381898941791,0.8229503231014246,1.047495336453552,1.314305568433995
18.36526636332772,0.8039252860061554,1.063206310594705,1.207845756604346
18.39671373723753,0.7836397094877632,1.07501175472114,1.101821509460219
18.42816111114734,0.7610388349854265,1.082169783732124,0.9991981180766155
18.45960848505715,0.7351501454565557,1.084050979913152,0.8993025550594267
18.49105585896695,0.7050521046892021,1.080123133327538,0.8003246963203343
18.52250323287676,0.6698521162145687,1.06993296817809,0.7003906009337675
18.55395060678657,0.6286782539376827,1.053086496591776,0.5978483075766119
18.58539798069638,0.5806932783555372,1.029229347337063,0.4913380312096523
18.61684535460618,0.5251432553939248,0.9980285093075709,0.3798517626846881
18.64829272851599,0.4614536276279282,0.9591573166814485,0.262840488232442
18.6797401024258,0.3893772768252915,0.9122861730415319,0.1403735368717703
18.71118747633561,0.3091767544646495,0.8570824626498028,0.01332250598457854
18.74263485024542,0.2217897946268629,0.7932242383681531,-0.1164838851589949
18.77408222415522,0.1289027526312615,0.7204332905580577,-0.2462002710921667
18.80552959806503,0.03286693961550169,0.6385333962129158,-0.3720559602917011
18.83697697197483,-0.06355560611766307,0.5475378289758942,-0.4896192603566302
18.86842434588464,-0.1575631578828375,0.4477654427138873,-0.59420842440726
18.89987171979445,-0.2467006413824266,0.3399765594636046,-0.6813637941650793
18.93131909370426,-0.3291518929959429,0.2255101488945485,-0.7472390268498014
18.96276646761407,-0.4038652731435409,0.1063957972625619,-0.7887492239533167
18.99421384152388,-0.4705082382129168,-0.01458944425240469,-0.8033529359842857
19.02566121543368,-0.5293093941353193,-0.1339483364691829,-0.7884042863189435
19.05710858934349,-0.5808686919124896,-0.247599673358696,-0.7400464695172255
19.0885559632533,-0.625996232821624,-0.3511350211507588,-0.652133688535934
19.12000333716311,-0.6656045824947984,-0.4401716649373322,-0.521608656075372
19.15145071107291,-0.7006529295125095,-0.5107162759246402,-0.3766628496567733
19.18289808498272,-0.7321304568060044,-0.5593979117917439,-0.2595097384473319
19.21434545889253,-0.7610660507926347,-0.5834230883323941,-0.1763818397942687
19.24579283280234,-0.7885555412487173,-0.5801474462334214,-0.1197819341344847
19.27724020671214,-0.8158020887888924,-0.5461815192417889,-0.08390759791680069
19.30868758062195,-0.8441678989169914,-0.4760077252397256,-0.06510677669185704
19.34013495453176,-0.875232422956835,-0.3619860010201857,-0.0609638718092347
19.37158232844157,-0.910829982500902,-0.2122212074886093,-0.06968799127334484
19.40302970235138,-0.9529480594861223,-0.07517554962569534,-0.0897562357798885
19.43447707626119,-1.003057544880246,0.02138721027810231,-0.1197062174876285
19.46592445017099,-1.059846126892248,0.08305803899528556,-0.158019029784872
19.4973718240808,-1.115609128609162,0.1172396983819409,-0.2030583210797576
19.52881919799061,-1.158053940185953,0.1285241597410377,-0.253037839388252
19.56026657190041,-1.178740462443504,0.1198211219913621,-0.3059921553145892
19.59171394581022,-1.175367686538231,0.09331302189688723,-0.3597360714737537
19.62316131972003,-1.148434263493803,0.05100923630934345,-0.4118257211622477
19.65460869362984,-1.099140220616478,-0.004969862849489026,-0.4595714829862549
19.68605606753965,-1.028866598160465,-0.07230306394220133,-0.5001663485832041
19.71750344144945,-0.9391302530854245,-0.1485190762591774,-0.53094162613818
19.74895081535926,-0.8315375925989337,-0.231126798593645,-0.549657918931971
19.78039818926907,-0.7076032723478621,-0.3177582682618536,-0.5546784206447496
19.81184556317888,-0.5684274510571581,-0.4062698181543525,-0.5449261820173099
19.84329293708868,-0.4142949562421033,-0.4947726263518507,-0.5196388973091235
19.87474031099849,-0.2443867484479832,-0.5815886589433834,-0.4779896508769038
19.9061876849083,-0.0573289847049728,-0.665144123531091,-0.4185994147869498
19.93763505881811,0.1451561970838771,-0.7438238409344688,-0.3388507242637757
19.96908243272792,0.3515187643152405,-0.8158260438414746,-0.2337414498008142
20.00052980663772,0.5454375177642836,-0.8790806108707753,-0.0941444422571322
20.03197718054753,0.7198130118163247,-0.9313051639688098,0.08952236801497282
20.06342455445734,0.8753840818620631,-0.9702327570922828,0.2879184692088113
20.09487192836715,1.01424727637896,-0.9939392600819357,0.4474097572904867
20.12631930227695,1.137748583982547,-1.001101232345969,0.5637853065170808
20.15776667618676,1.246405021113844,-0.9910323282356439,0.6478199618679745
20.18921405009657,1.340213127676791,-0.9634706990863828,0.7059489961800368
20.22066142400638,1.41893921204343,-0.9181937939701645,0.7413006786455226
20.25210879791619,1.482316323760684,-0.8545298987973508,0.755297057129186
20.28355617182599,1.53014354556179,-0.7707300625375331,0.7486472005650718
20.3150035457358,1.562302284937601,-0.6629932187119798,0.7220269626448188
20.34645091964561,1.578712709069615,-0.5238195434714629,0.6765650087898996
20.37789829355542,1.579260312431072,-0.3417625693907016,0.6141037089533157
20.40934566746522,1.563739259611125,-0.126448612368564,0.5371780738065641
20.44079304137503,1.531911430716792,0.06746872575045448,0.4487513068787804
20.47224041528484,1.483896312680122,0.2203609585279987,0.3518661499304588
20.50368778919465,1.421142314721112,0.3437348148778003,0.2493922315620314
20.53513516310446,1.347451725197795,0.4467062662378382,0.1439567120389717
20.56658253701426,1.268115086631941,0.5345140135669731,0.03803369004011396
20.59802991092407,1.187182923496215,0.6101807617635376,-0.06588936017645515
20.62947728483388,1.106179628198477,0.6754723638521394,-0.1651571809188861
20.66092465874369,1.024884807426309,0.7313922880471466,-0.2568819944746401
20.69237203265349,0.9423528824149759,0.7784641658677208,-0.3380216647091185
20.7238194065633,0.8574491513333016,0.8169289792656812,-0.4056002073756245
20.75526678047311,0.7690568896727076,0.8469096118831442,-0.4569897232250343
20.78671415438292,0.6761580108736012,0.8685462049320979,-0.490114243517229
20.81816152829273,0.5778905116965347,0.8820781839208686,-0.5034521732935873
20.84960890220253,0.4736279392654525,0.8878561621664434,-0.495789828115243
20.88105627611234,0.3630992340925198,0.8863006638829408,-0.465732061767508
20.91250365002215,0.2465489961264505,0.8778485870853567,-0.4109334433512077
20.94395102393196,0.1249181185677017,0.8629209401109043,-0.3268661258840526
20.97539839784177,3.313893080961194e-06,0.8419215768305159,-0.2051215284513732
21.00684577175157,-0.1254603228973056,0.8152596379908177,-0.03772879957496147
21.03829314566138,-0.2478472457091601,0.7833843714158023,0.1440028367628177
21.06974051957119,-0.3628503968669736,0.7468238680449621,0.2872779638327149
21.101187893481,-0.465838985134596,0.7062228573299426,0.3876976528599562
21.1326352673908,-0.5522934451314422,0.662376727083398,0.4552957513540308
21.16408264130061,-0.6181837759390404,0.6162594571959263,0.4962390009891029
21.19553001521042,-0.6601265656323403,0.5690430205041238,0.5137094191258434
21.22697738912023,-0.6751801508582402,0.5221059230736909,0.5094350557426659
21.25842476303004,-0.6601859153214469,0.4770297827912528,0.4846485931735431
21.28987213693984,-0.6106277137007029,0.4355858818713247,0.4406984998181399
21.32131951084965,-0.5199017297095394,0.3997188650770372,0.3794082924593732
21.35276688475946,-0.3884202951123312,0.3715421847575577,0.303183858474385
21.38421425866926,-0.2526388265332193,0.3533693573605022,0.2148852522238687
21.41566163257907,-0.150399922466536,0.3478164525520451,0.1175563060619733
21.44710900648888,-0.08282360830637488,0.3580198843356642,0.01415455756096839
21.47855638039869,-0.04249064505060238,0.3879701839835062,-0.09260525053606765
21.5100037543085,-0.02413191655436693,0.44249107136644,-0.2002581611393676
21.54145112821831,-0.0243482279944728,0.5234485472545182,-0.306475909482889
21.57289850212811,-0.04070252134806501,0.6147238677610772,-0.4088938575531114
21.60434587603792,-0.07115464550205168,0.6841711382347249,-0.5049505503506422
21.63579324994772,-0.1137566084234027,0.717453554790396,-0.5918220052525756
21.66724062385753,-0.1665179543705055,0.7163754647158241,-0.666523751124502
21.69868799776734,-0.2273858168890982,0.6850965382477739,-0.7261904764640847
21.73013537167715,-0.2942946830827395,0.6273748234974365,-0.7684289873760951
21.76158274558696,-0.365241430848101,0.5468451644699582,-0.7915588459980387
21.79303011949676,-0.4383450314293366,0.4473479938946248,-0.7945948968143921
21.82447749340657,-0.5118613220150758,0.3329168322108251,-0.7769527497279631
21.85592486731638,-0.584138765631765,0.207486847479336,-0.7379418679884135
21.88737224122619,-0.6535187282661327,0.07448020179879186,-0.6760685359306348
21.91881961513599,-0.7182058076046437,-0.0635777626852351,-0.588008660404839
21.9502669890458,-0.7761628416669667,-0.2053193870692943,-0.46695958229101
21.98171436295561,-0.8251097573046797,-0.3506613563193188,-0.3020982296277988
22.01316173686542,-0.8626884708654524,-0.500820065325622,-0.1013060506411328
22.04460911077523,-0.8867659330601112,-0.6580920130765638,0.08015880192166597
22.07605648468503,-0.8957295044950782,-0.824537198286811,0.2184012449143972
22.10750385859484,-0.8886004925326989,-0.9973051438043343,0.3238551653615517
22.13895123250465,-0.8648948765772835,-1.163932553150635,0.4053019940783592
22.17039860641446,-0.8242859319768198,-1.311907997876119,0.4675793860143895
22.20184598032426,-0.7661509166979756,-1.438678137224114,0.5132742832434409
22.23329335423407,-0.6890012544983224,-1.546903746262144,0.5437860878250544
22.26474072814388,-0.5896400097638974,-1.639528052932298,0.5599560229703301
22.29618810205369,-0.4617054510864036,-1.718656389160477,0.5625103229018762
22.3276354759635,-0.2941283279741369,-1.785619437316649,0.552407353347822
22.3590828498733,-0.08446372886697665,-1.841182652646794,0.5310707268522947
22.39053022378311,0.1186984043959108,-1.885711263324159,0.5004441781505405
22.42197759769292,0.2786569821302472,-1.919283325480208,0.4628463893372308
22.45342497160273,0.4038523705090727,-1.941769053672557,0.420708409767
22.48487234551254,0.5046439962032295,-1.952892788690492,0.3763375472323006
22.51631971942234,0.586923007878927,-1.952289242776178,0.3318026184506007
22.54776709333215,0.6538866462438619,-1.939561571154534,0.2889360402715595
22.57921446724196,0.7072553997680935,-1.914345122144877,0.2493925241770384
22.61066184115177,0.747938613022864,-1.87637687897662,0.2147110351756963
22.64210921506157,0.7764559258997379,-1.825566478919484,0.1863591840480061
22.67355658897138,0.7932589856923159,-1.762060623319636,0.1657660121752576
22.70500396288119,0.7989824305391243,-1.686289320257512,0.1543625200685323
22.736451336791,0.7945825998537718,-1.598980335676388,0.1536544703525598
22.76789871070081,0.7813173374808676,-1.501127924316116,0.1653573960633047
22.79934608461061,0.7605904433392091,-1.393904087005289,0.1916383919032035
22.83079345852042,0.7337637796653196,-1.27850653294241,0.2355396890039332
22.86224083243023,0.7020410744747093,-1.155947537200777,0.3016625322803271
22.89368820634004,0.6664560879855389,-1.026797509973732,0.3966022740508036
22.92513558024984,0.6279330541055708,-0.8908944299439876,0.5231720361512879
22.95658295415965,0.5873713273050573,-0.7469993500395991,0.6555751681265065
22.98803032806946,0.5457215780566991,-0.5923075388750975,0.7547029012499233
23.01947770197927,0.5040398660932721,-0.4216418927172653,0.812871910564848
23.05092507588908,0.4635175374517393,-0.2265361495340684,0.835676019209911
23.08237244979888,0.4254903878773549,0.0002793599566143223,0.8276823579262919
23.11381982370869,0.3914337400222161,0.2379246657823294,0.7919666940011881
23.1452671976185,0.362953445571301,0.4489379583176112,0.7311961590475492
23.17671457152831,0.3417872697553039,0.629371137746618,0.6483825339600469
23.20816194543811,0.3298370984843104,0.7886937095815529,0.547201862882112
23.23960931934792,0.329261076081146,0.9337954582487034,0.4319267676790917
23.27105669325773,0.3426676531077502,1.068662254045665,0.3070759971790125
23.30250406716754,0.3734602056801122,1.19540627333267,0.1769376477931591
23.33395144107735,0.4262570305837011,1.314925912022875,0.04512514409163301
23.36539881498715,0.5061019945126792,1.427310916093392,-0.08572297562277811
23.39684618889696,0.6092238883950333,1.532131828609149,-0.2140594762525426
23.42829356280677,0.7066078478178976,1.628672637627802,-0.3393884627644816
23.45974093671657,0.7702829775970534,1.716119309793962,-0.4621401995916742
23.49118831062638,0.7967398664942493,1.793700930225973,-0.5835406028282799
23.52263568453619,0.7902180462691455,1.860781265236723,-0.7055276533354287
23.554083058446,0.754643544915551,1.916905037840161,-0.8306818436164375
23.58553043235581,0.6933684979944073,1.9618081494561,-0.9618441726573086
23.61697780626562,0.6097956187202397,1.995402658634425,-1.100160368800983
23.64842518017542,0.5076997126341594,2.01774648067978,-1.240001982421725
23.67987255408523,0.3911671794882667,2.029005876891528,-1.368267864735303
23.71131992799504,0.2642575866920722,2.029416669839012,-1.475891499075153
23.74276730190484,0.1305504649643102,2.019248034071291,-1.562165926722287
23.77421467581465,-0.007263939838428879,1.998770733621136,-1.62925774184804
23.80566204972446,-0.1476547475188797,1.968229833024153,-1.679075293665143
23.83710942363427,-0.2903744809028041,1.927820202482218,-1.712739984839876
23.86855679754408,-0.4364918527544007,1.877661512189821,-1.730725841788606
23.90000417145388,-0.5883472809062467,1.817767693480961,-1.733077783559771
23.93145154536369,-0.7490537963574253,1.748003681301926,-1.719611967729679
23.9628989192735,-0.9196900793861187,1.668018985839025,-1.690099069257709
23.99434629318331,-1.092129484704933,1.577142164447851,-1.644436994429995
24.02579366709312,-1.250282011109114,1.47421139757519,-1.582807037506528
24.05724104100292,-1.386011870896321,1.357307461202582,-1.505793731019594
24.08868841491273,-1.5007330180039,1.223386309775632,-1.414440248304939
24.12013578882254,-1.597856783592503,1.068148306666393,-1.310212375216798
24.15158316273235,-1.680021748661522,0.8883727029101585,-1.194855859827899
24.18303053664215,-1.748897586322254,0.6915575185309831,-1.070151650217896
24.21447791055196,-1.805426112490101,0.4978403574006778,-0.9375946698377784
24.24592528446177,-1.850039259816825,0.318364282944019,-0.7980328968861459
24.27737265837158,-1.882811391545688,0.1517116102975336,-0.6512880886612824
24.30882003228139,-1.90356715285811,-0.005847341407438755,-0.4957236144596931
24.34026740619119,-1.911966987195297,-0.1566907846738077,-0.3276416623880821
24.371714780101,-1.907585756116928,-0.3014577888582987,-0.14049749848543
24.40316215401081,-1.889993575101718,-0.4392235350466305,0.07379521037670206
24.43460952792061,-1.858842122467426,-0.5677823477310132,0.3082377948623504
24.46605690183042,-1.813953872221794,-0.6840309751617147,0.5278037575689085
24.49750427574023,-1.755406310417926,-0.7844355593980418,0.7159673774477131
24.52895164965004,-1.683599238778702,-0.8654868469675162,0.8794697318756932
24.56039902355985,-1.599291569021065,-0.924002302872162,1.025778690969615
24.59184639746965,-1.503594333966722,-0.9571507185256742,1.159494719521399
24.62329377137946,-1.397908079454114,-0.9621491088858291,1.283173470858523
24.65474114528927,-1.28379572336492,-0.9357837823554258,1.398086611429159
24.68618851919908,-1.162789237504944,-0.8749713598541953,1.504694444852467
24.71763589310888,-1.036142179156236,-0.7838544255041541,1.602954743677699
24.74908326701869,-0.9045540392912766,-0.6861363075383086,1.692543477366815
24.7805306409285,-0.7678894814323141,-0.6060881087189663,1.773017707873473
24.81197801483831,-0.6248772562939673,-0.5479558261569079,1.843930777424141
24.84342538874812,-0.4726927515480113,-0.5077337380795723,1.904905008664079
24.87487276265792,-0.3062255239630081,-0.481302453378369,1.955668390328668
24.90632013656773,-0.1170355890466657,-0.4655316890756231,1.996063702273104
24.93776751047754,0.1039183832004025,-0.4580512615480984,2.026039121264639
24.96921488438735,0.3405563794954072,-0.4569806836924275,2.045628462456003
25.00066225829715,0.5518230985668304,-0.4607541539130318,2.054927498304818
25.03210963220696,0.7294204195251855,-0.4680187769926364,2.054070861849896
25.06355700611677,0.8831883607552212,-0.4775770670839501,2.04321221824633
25.09500438002658,1.020696048912165,-0.4883535915815435,2.02250878347889
25.12645175393639,1.146408419928763,-0.4993724185696446,1.992109862665704
25.15789912784619,1.262853319866658,-0.509736275258091,1.952147802203786
25.189346501756,1.371361591699171,-0.5186014711760313,1.902728519817037
25.22079387566581,1.472486609199988,-0.5251464799238964,1.843917514782177
25.25224124957562,1.566268955543128,-0.5285384657429884,1.775715860464141
25.28368862348542,1.6524277647798,-0.5279109661725943,1.698018910601571
25.31513599739523,1.730509305461772,-0.5223712362098418,1.610547738416673
25.34658337130504,1.800000220157109,-0.5110450469179751,1.512738413138085
25.37803074521485,1.86040628320805,-0.4931371392568212,1.403564892170508
25.40947811912466,1.911299120951665,-0.4679616621841299,1.281256247223499
25.44092549303446,1.952336862311379,-0.434907957802108,1.142866053763144
25.47237286694427,1.98326680663411,-0.3933412123939292,0.9838315418441551
25.50382024085408,2.00391816386974,-0.3424547980388941,0.7991115064315617
25.53526761476389,2.014191420451371,-0.2810745708966913,0.5923363443143257
25.5667149886737,2.0140488588276,-0.2073736859532781,0.38542736321499
25.5981623625835,2.003508828680412,-0.1183892198887115,0.1952396379198993
25.62960973649331,1.982644736584371,-0.009124264034547733,0.02129217447049067
25.66105711040312,1.951588312506584,0.1288963271697123,-0.1411199173014532
25.69250448431293,1.910535342927762,0.3056693811199643,-0.295211441719996
25.72395185822273,1.859750586644342,0.5019315579230571,-0.4421989123787003
25.75539923213254,1.799567028668176,0.6655470872325487,-0.5815981524279541
25.78684660604235,1.730373255903782,0.7850834118071459,-0.7115949687343877
25.81829397995216,1.652582075332855,0.8703323200265314,-0.8294729774666194
25.84974135386197,1.566574033339527,0.927835123848882,-0.9320970228726616
25.88118872777177,1.47261105741999,0.9607124554073602,-1.016375698523627
25.91263610168158,1.37071631625514,0.9702608232845118,-1.079585894054434
25.94408347559139,1.260512661236776,0.9570176773320279,-1.119459341277031
25.97553084950119,1.140997233124379,0.9215001638889171,-1.133987159466589
26.006978223411,1.010194405188921,0.8647327221544344,-1.120975384076443
26.03842559732081,0.8645631474494873,0.7885288913977151,-1.077622748409582
26.06987297123062,0.6980020407883214,0.6954704332565962,-1.00175997755184
26.10132034514043,0.501315978096407,0.5886258936052587,-0.90026544070409
26.13276771905024,0.2723756245207323,0.4711676892515191,-0.7967855094660468
26.16421509296004,0.04336374069170795,0.3460617911440078,-0.7098397934153673
26.19566246686985,-0.1566449589557256,0.215912363709061,-0.6408643478817366
26.22710984077966,-0.3315719395946081,0.08294082557695942,-0.5858597424077537
26.25855721468946,-0.4905401021045693,-0.05096524358440452,-0.541074645225408
26.29000458859927,-0.6395125547193847,-0.1841880999330589,-0.5036633900499219
26.32145196250908,-0.781836695801403,-0.3153273634208993,-0.4714618463781306
26.35289933641889,-0.9190513495558725,-0.4431628729198496,-0.4427509420966361
26.3843467103287,-1.051361697893759,-0.5666248580904156,-0.4160996835376589
26.4157940842385,-1.177969876215605,-0.6847600537827527,-0.390271400704637
26.44724145814831,-1.29738611771457,-0.7966838928902054,-0.3641751702352254
26.47868883205812,-1.407750610789229,-0.9015134505835429,-0.336854353292146
26.51013620596792,-1.507141347337712,-0.998283625296923,-0.3075117455598003
26.54158357987773,-1.593829762477493,-1.08586152276215,-0.2755716325509879
26.57303095378754,-1.666457180511334,-1.162890617083113,-0.2407674563184299
26.60447832769735,-1.724122222224424,-1.22780894860374,-0.2032171385232784
26.63592570160716,-1.766383770424013,-1.278976054131256,-0.1634209963067408
26.66737307551697,-1.793194997185755,-1.31489588191481,-0.1221277643074928
26.69882044942677,-1.804790775476581,-1.334454472854886,-0.08008661537758394
26.73026782333658,-1.80155157169049,-1.337057592772851,-0.03778874034103392
26.76171519724639,-1.783861039753696,-1.322594672845275,0.00468905279228387
26.79316257115619,-1.751963983530238,-1.291238133415633,0.0477061440795749
26.824609945066,-1.705819061016584,-1.243138211826353,0.09199668918461298
26.85605731897581,-1.644929223886965,-1.178057445179724,0.138599706333187
26.88750469288562,-1.568129453219362,-1.094920427275998,0.1888333397861454
26.91895206679543,-1.473356805634343,-0.991150045400746,0.2443422481002882
26.95039944070523,-1.357735798993048,-0.8615475427852687,0.3072447974585472
26.98184681461504,-1.219601662818091,-0.6970398049290365,0.3804277992048879
27.01329418852485,-1.06499131642896,-0.4922111563094365,0.4680547873076509
27.04474156243466,-0.9088088874795173,-0.280030162623279,0.5761041156772544
27.07618893634447,-0.7607034425132619,-0.09910702154057038,0.710118358609655
27.10763631025428,-0.6207025687046606,0.05284455657597995,0.8583802124109416
27.13908368416408,-0.485716276017393,0.1863290223178747,0.9852199603857064
27.17053105807389,-0.3528696914575912,0.3084769408316675,1.074074884168436
27.2019784319837,-0.2201868208175146,0.4238370259046816,1.128510132430208
27.2334258058935,-0.08669055407954604,0.5353994578160935,1.153157239720877
27.26487317980331,0.04753218547025445,0.6450838131923999,1.150702119862222
27.29632055371312,0.1812546589642811,0.7539192591986641,1.122711710385579
27.32776792762293,0.3120960112617158,0.862107463509191,1.070529491045463
27.35921530153274,0.4366501323947869,0.9691014798647507,0.9959108460250625
27.39066267544254,0.5507949465556755,1.073772620919278,0.9013822131604388
27.42211004935235,0.6501419004457785,1.174659443026352,0.7903032357630668
27.45355742326216,0.7305048914486889,1.270232552378348,0.6666471273560386
27.48500479717197,0.7882205847261152,1.359101569552381,0.5345802382337924
27.51645217108177,0.8201626622644105,1.440127540427701,0.3979644487718271
27.54789954499158,0.8233496465449593,1.512447228282672,0.2599060119128557
27.57934691890139,0.7941365408959927,1.575438975568306,0.1224421924220061
27.6107942928112,0.727511961348283,1.628662186326492,-0.0135989028965903
27.64224166672101,0.6213447463893123,1.671794556460468,-0.1486004491084514
27.67368904063081,0.4975124159636193,1.704581842943054,-0.2841161137915964
27.70513641454062,0.3937893734754812,1.726807756169102,-0.4229016418963452
27.73658378845043,0.3204688233150988,1.738286412986314,-0.5690619791738427
27.76803116236024,0.2720897615619061,1.738875406523485,-0.7278251488888287
27.79947853627004,0.2431816389508707,1.728503034529253,-0.9016855301466342
27.83092591017985,0.2299627569929947,1.707198902415801,-1.077991368839852
27.86237328408966,0.2297622351880959,1.675114472576293,-1.233763421078408
27.89382065799947,0.2405196124958106,1.632520822669951,-1.361573462043047
27.92526803190928,0.2604912018782796,1.579775278436276,-1.465264604339273
27.95671540581908,0.2880926615206743,1.517255023780741,-1.549064354194249
27.98816277972889,0.3218231186189139,1.445261081762562,-1.615595629516054
28.0196101536387,0.3602353294232018,1.363896822737666,-1.666198751845186
28.05105752754851,0.4019254105561956,1.272918586343581,-1.701365134356331
28.08250490145831,0.445519796967107,1.171539112434455,-1.721049071984202
28.11395227536812,0.489641213669948,1.058131127142866,-1.724899656868877
28.14539964927793,0.5328440883032478,0.9297151370745013,-1.71245955685433
28.17684702318774,0.5735278859521427,0.781022982897795,-1.683353554523429
28.20829439709755,0.6098660571338851,0.6032199673050913,-1.637466772406583
28.23974177100735,0.6398153633559377,0.3878840231764611,-1.575095019762786
28.27118914491716,0.6612586632320919,0.1573186332824287,-1.497043052827317
28.30263651882697,0.672255513032174,-0.04694628799424364,-1.404654257393095
28.33408389273677,0.6712757194793392,-0.2211886451832006,-1.299771878840169
28.36553126664658,0.6572759195298391,-0.3759938841638327,-1.184643418416328
28.39697864055639,0.6295718517519588,-0.5190178312945275,-1.061775905539725
28.4284260144662,0.5875564660549102,-0.6549238443848737,-0.9337370513581534
28.45987338837601,0.5303243468323724,-0.7864370632371015,-0.8028968331472779
28.49132076228581,0.4561885724752016,-0.9149144254321033,-0.6711300324588784
28.52276813619562,0.3619464566439498,-1.040635619794549,-0.5395367013502227
28.55421551010543,0.2415821610946495,-1.163014698922522,-0.4082428903613256
28.58566288401524,0.0846022986128917,-1.280828083206858,-0.2762927351081047
28.61711025792505,-0.1150336344355946,-1.392470808943152,-0.141557098907821
28.64855763183485,-0.3150426844796866,-1.496205717071868,-0.0005037448610814288
28.68000500574466,-0.471155841838216,-1.590366345121528,0.1523703977549313
28.71145237965447,-0.5879762640822205,-1.673496704981499,0.3253206715024012
28.74289975356428,-0.6758439762540094,-1.744433429965608,0.5260732122661842
28.77434712747408,-0.7404894960675386,-1.802344029056243,0.7377582906086033
28.80579450138389,-0.7847076237839672,-1.84673188704713,0.9218178249385396
28.8372418752937,-0.809756907749871,-1.877413275760928,1.070145420365019
28.86868924920351,-0.8162043339533906,-1.894469854875636,1.191140403671026
28.90013662311332,-0.8045205347796178,-1.898182000892693,1.291244594277695
28.93158399702312,-0.7755364474190974,-1.888950651286296,1.374041562376849
28.96303137093293,-0.7307279691579879,-1.867215411534022,1.44132614943714
28.99447874484274,-0.6722518431934301,-1.833373772391412,1.493821597396943
29.02592611875255,-0.602732984260642,-1.787701315265442,1.531610533894855
29.05737349266235,-0.5249344540954946,-1.730266733913607,1.554431558483356
29.08882086657216,-0.4414922810369312,-1.660828353438719,1.56192086698938
29.12026824048197,-0.3548192321637346,-1.578689316726979,1.55382345502027
29.15171561439178,-0.2671617937555648,-1.482475946345537,1.530160546236065
29.18316298830159,-0.1807280967104978,-1.369800840406881,1.491321192358143
29.21461036221139,-0.09780237936958214,-1.236893281128486,1.438055264750222
29.2460577361212,-0.02078950690562957,-1.079228190343915,1.371379726682255
29.27750511003101,0.04783135186689114,-0.8977946052545596,1.292446691999806
29.30895248394081,0.1056259417896645,-0.7095300719010323,1.202432703180935
29.34039985785062,0.1503428298313296,-0.5325516533050043,1.102488446693398
29.37184723176043,0.1799968981172492,-0.3692664024437434,0.9937555161334339
29.40329460567024,0.1928331012219685,-0.2154440447025187,0.8774325249159397
29.43474197958005,0.1871265590540076,-0.06722685846129062,0.7548631197516109
29.46618935348986,0.16077707134874,0.07767977281775235,0.6276178369411882
29.49763672739966,0.1106056244406452,0.2200259501706645,0.4975433316573302
29.52908410130947,0.03119648311809811,0.3591217197659642,0.3667539065927222
29.56053147521928,-0.08597251305632567,0.4929670094767123,0.237544693617932
29.59197884912908,-0.2416926457638811,0.6184924154962279,0.1122201726370404
29.62342622303889,-0.3938226394567219,0.7319498336640401,-0.007139506903872134
29.6548735969487,-0.5026993447963164,0.8294018625086579,-0.1189165481897015
29.68632097085851,-0.5700393877475223,0.9071820522822919,-0.2221221704244499
29.71776834476832,-0.6036762065167328,0.962171687228085,-0.3164386612030138
29.74921571867812,-0.6083221886314277,0.991772159208885,-0.402138567923399
29.78066309258793,-0.5867702987832626,0.9935189493083588,-0.4799320753792016
29.81211046649774,-0.5412122037767388,0.9643756903386476,-0.5508064515322961
29.84355784040755,-0.4740490245414692,0.9002369598071875,-0.61590163877029
29.87500521431735,-0.3882896556939601,0.799591512017751,-0.67643779537427
29.90645258822716,-0.2875979327059008,0.6802295897980768,-0.733691610478684
29.93789996213697,-0.1760761329519878,0.5747759888774999,-0.7890114710275523
29.96934733604678,-0.05792413817948232,0.4945138742041664,-0.843861485674979
30.00079470995659,0.06288726522995491,0.4353568878482305,-0.8998819817086947
30.03224208386639,0.1828493520330635,0.3922213192662006,-0.9589310814977261
30.0636894577762,0.2990412082950554,0.3614069080291602,-1.022971593172677
30.09513683168601,0.4091693217961375,0.3402884337705601,-1.093335614944738
30.12658420559582,0.5115462473692627,0.3269057853347849,-1.168360665690316
30.15803157950563,0.6050271363263141,0.3197011145510826,-1.240196148685118
30.18947895341543,0.6889190093650275,0.3173640569543975,-1.297628374804414
30.22092632732524,0.7628774892488099,0.3187400242485532,-1.33386884026454
30.25237370123505,0.8268053747225996,0.3227724346664457,-1.347499066742734
30.28382107514486,0.8807644761344235,0.3284603360062226,-1.339147493418196
30.31526844905466,0.9249071698018604,0.3348195690095391,-1.309750384924148
30.34671582296447,0.9594291584122235,0.3408425311129564,-1.26021830036949
30.37816319687428,0.9845414309271813,0.3454620552634517,-1.19151711798027
30.40961057078409,1.000457759148625,0.3475373855057562,-1.104769596515682
30.4410579446939,1.007393850604117,0.3458831883812973,-1.001251263594436
30.4725053186037,1.005574888298639,0.3393414409800344,-0.8822404727519274
30.50395269251351,0.9952491274891757,0.3268592990561896,-0.7487227296252065
30.53540006642332,0.976706174750353,0.3075209853544019,-0.600978149579695
30.56684744033313,0.9502993687994574,0.2805070120636843,-0.4381240017998483
30.59829481424293,0.9164722029017746,0.2449890291560743,-0.2579163335685428
30.62974218815274,0.8757888764056238,0.1999766057979095,-0.05832818088598249
30.66118956206255,0.8289687422174891,0.1441096441714936,0.1551996870911029
30.69263693597236,0.7769235653373319,0.07534713589532666,0.3643818286650989
30.72408430988217,0.720795170594154,-0.009565240894546981,0.554624693549665
30.75553168379197,0.6619895047421896,-0.1160545638965186,0.7244475030281008
30.78697905770178,0.6022019890512178,-0.2529176899230028,0.8767242624189697
30.81842643161159,0.5434293233124249,-0.4267950462283036,1.013707136451472
30.84987380552139,0.4879659158169213,-0.6076413890268935,1.136409344940415
30.8813211794312,0.4383899131287588,-0.7498066993644626,1.244951865247748
30.91276855334101,0.3975541625722641,-0.8498686312724031,1.338970373044272
30.94421592725082,0.3686072704125608,-0.9164932332195216,1.417930721839649
30.97566330116063,0.3550601560538839,-0.9548990532271442,1.481332902818633
31.00711067507043,0.3607902655396906,-0.9675436013565772,1.528807424315775
31.03855804898024,0.3891853047098177,-0.9555603281819252,1.560119286349112
31.07000542289005,0.4382141640208591,-0.9197436890691286,1.575102820923803
31.10145279679986,0.4906238281849057,-0.8612283425225739,1.573556604199718
31.13290017070966,0.5223122725448546,-0.7819024740578595,1.555141892883359
31.16434754461947,0.5232013353254663,-0.6845195920181383,1.519383823228667
31.19579491852928,0.4942227109331115,-0.572524490736488,1.46603779283114
31.22724229243909,0.4389088681003759,-0.4497144044577814,1.396285299591635
31.2586896663489,0.3610806563403705,-0.3198998294831673,1.314427725554457
31.2901370402587,0.2645765284352261,-0.1866708099104067,1.227165424404406
31.32158441416851,0.1531512594342435,-0.05327846001515921,1.139663202336557
31.35303178807832,0.03024127819975489,0.07741524548725351,1.053614735202891
31.38447916198813,-0.1013430115632175,0.2029673108163209,0.9684975927751617
31.41592653589793,-0.2396890120678294,0.3213834232244028,0.8830144533978767
